No,Title,Rating,Votes,Duration,Genre
1,William Tell,5.7,4700,2h 14m,war
2,The Ministry of Ungentlemanly Warfare,6.8,144000,2h 2m,war
3,Shōgun,8.6,226000,,war
4,Creature Commandos,7.8,22000,,war
5,Masters of the Air,7.8,66000,,war
6,The Six Triple Eight,6.7,29000,2h 7m,war
7,Dirty Angels,4.5,4900,1h 44m,war
8,Nr. 24,7.5,17000,1h 51m,war
9,Blitz,6.2,17000,2h,war
10,The Tattooist of Auschwitz,8.0,13000,,war
11,Amaran,8.1,21000,2h 47m,war
12,Rise of the Raven,7.7,5200,,war
13,The Sympathizer,6.8,9000,,war
14,We Were the Lucky Ones,7.7,6800,,war
15,Uprising,6.6,6200,2h 6m,war
16,My Dead Friend Zoe,6.5,3100,1h 43m,war
17,"Canadian, Sniper",3.4,381,1h 23m,war
18,Murder Company,3.6,1700,1h 26m,war
19,Without Blood,7.3,118,1h 31m,war
20,Chandu Champion,7.8,35000,2h 22m,war
21,Bau: Artist at War,7.4,70,2h 10m,war
22,Mehmed: Fetihler Sultani,7.9,2500,,war
23,Call of Duty: Black Ops 6,7.4,1800,,war
24,Quisling: The Final Days,7.1,1400,2h 26m,war
25,One Piece Fan Letter,9.2,22000,25m,war
26,The Witch: Revenge,5.3,908,1h 40m,war
27,Unsinkable,7.2,53,,war
28,In the Fire of War,6.7,302,1h 55m,war
29,"Love, Courage and the Battle of Bushy Run",5.0,202,1h 53m,war
30,The Friendly,8.8,42,1h 41m,war
31,Escape from Germany,5.4,1100,1h 37m,war
32,Goebbels and the Führer,6.7,2800,2h 15m,war
33,Porcelain War,7.1,1300,1h 27m,war
34,Ataturk 1881-1919,8.8,8300,,war
35,Intercepted,8.0,620,1h 35m,war
36,Before Dawn,5.4,1200,1h 41m,war
37,Way Home,6.4,1600,1h 38m,war
38,Battlefield,6.2,738,1h 44m,war
39,Churchill at War,7.6,2100,,war
40,Ei koskaan yksin,7.0,504,1h 25m,war
41,24 Hours to D-Day,2.8,141,1h 23m,war
42,Invasion,4.8,776,1h 31m,war
43,Russians at War,2.1,1100,2h 14m,war
44,Quisling,7.5,495,,war
45,La Storia,7.2,450,,war
46,De Joodse Raad,8.3,1500,,war
47,Klitschko: More Than a Fight,6.3,519,1h 36m,war
48,Whiskey on the Rocks,7.0,3000,,war
49,Laws of Man,4.9,1400,1h 38m,war
50,Captain Miller,7.2,14000,2h 37m,war
51,"Warhammer 40,000: Space Marine II",8.0,902,,war
52,The Last Front,5.5,667,1h 38m,war
53,The Shamrock Spitfire,5.1,525,1h 48m,war
54,Conquer: Lahad Datu,6.6,575,2h,war
55,The Ballad of Davy Crockett,4.6,276,1h 36m,war
56,All the Lost Ones,3.6,282,1h 46m,war
57,Kang Mak,6.4,934,2h 2m,war
58,Decoded,5.7,484,2h 36m,war
59,Ataturk II: 1881-1919,8.8,2500,2h 21m,war
60,Kargil 1999- The Untold Story of the Indian Air Force,8.3,23,,war
61,Dharmarakshak Mahaveer Chhatrapati Sambhaji Maharaj,8.3,684,2h 54m,war
62,Call of Duty,8.0,14,,war
63,Le quatrième mur,6.4,194,1h 56m,war
64,The Volunteers: The Battle of Life and Death,6.1,305,2h 24m,war
65,The White Death,,0,5m,war
66,WWII: Operation Phoenix,4.0,110,1h 46m,war
67,Hitler,5.2,322,2h 8m,war
68,Vreme smrti,8.0,346,,war
69,Naam Namak Nishan,6.6,194,,war
70,Submerged,7.9,15,17m,war
71,The Yin Yang Master Zero,5.7,309,1h 52m,war
72,Chhava,8.4,2300,51m,war
73,Red Sun,8.1,243,,war
74,Bardejov,4.8,184,1h 25m,war
75,Fortunes of War,3.5,187,1h 25m,war
76,Aserb: The Squadron,5.2,352,2h,war
77,"America, Invaded",6.9,21,1h 22m,war
78,Red Poppies,4.7,355,2h 2m,war
79,Fortune de France,6.9,104,,war
80,Lost Women Spies,6.7,121,,war
81,Air War,6.4,129,1h 46m,war
82,God & Country,8.5,7,20m,war
83,The Invasion,6.6,131,2h 25m,war
84,The Other Side,5.8,293,1h 37m,war
85,Drava se ne predaje,7.1,18,1h 16m,war
86,Apocalypse: Les débarquements,8.3,93,,war
87,Der Deserteur,8.3,40,1h 33m,war
88,War Blade,3.9,263,1h 34m,war
89,The Epidemic,5.9,72,1h 35m,war
90,Ukraine: Enemy in the Woods,7.9,506,59m,war
91,The Mousetrap,7.1,29,1h 27m,war
92,Peter Brook's the Mahabharata (8K),,0,2h 53m,war
93,White Courage,6.4,653,1h 55m,war
94,At the Edge of the Abyss,7.7,227,,war
95,The Great War,7.1,125,,war
96,Purple Heart Warriors,,0,,war
97,Admiral Kuznetsov,5.6,69,,war
98,In the Name of the Brother,4.6,239,,war
99,The Liberation Men,6.5,93,1h 30m,war
100,The Zelensky Story,8.1,404,,war
101,Haywire: Gunslingers,2.0,34,1h 25m,war
102,Come Home,9.4,6,26m,war
103,Hengyang 1944,6.5,26,,war
104,Corridors of Power: Should America Police the World?,8.7,175,,war
105,Songs of Slow Burning Earth,7.6,285,1h 35m,war
106,Kodenavn: Storfyrstinden,8.0,80,,war
107,Die Spaltung der Welt,7.2,117,,war
108,Military Machines: Nazi Germany in WWII,,0,,war
109,Ludzie,6.5,61,1h 57m,war
110,Poklyk kokhannya,,0,,war
111,"Us, Our Pets and the War",8.6,433,1h 19m,war
112,A Lonely Hero's Journey,6.7,33,,war
113,October 7 - Al Jazeera Investigations,5.5,65,1h,war
114,Korni,7.7,152,2h 17m,war
115,We Were Recruits,7.0,250,1h 32m,war
116,In the Name of Justice,4.9,26,32m,war
117,The Watchman,6.5,123,26m,war
118,Da Vinci,8.3,84,1h 21m,war
119,Pereviznytsya,7.0,192,,war
120,Scars,7.8,29,1h 14m,war
121,The American Soldier,,0,1h 26m,war
122,Battle of Shangganling,6.6,41,,war
123,Sentinelles - Ukraine,7.2,32,,war
124,"Dao, Pho Va Piano",5.7,220,1h 40m,war
125,Hitler's Handmaidens,5.8,73,,war
126,Terminator: Dark Fate - Defiance,6.0,32,,war
127,Bozji gnjev,7.2,60,1h 51m,war
128,"Por ti, Portugal, eu juro!",8.0,7,1h 38m,war
129,Brocade Odyssey,7.4,70,,war
130,Israel and Gaza: Into the Abyss,7.3,67,1h 29m,war
131,Al-Boom,6.6,48,,war
132,Blindside,,0,3m,war
133,Duffle Bag Boy,6.7,62,,war
134,Burgemeestersmoord,6.5,89,1h 54m,war
135,Un milione di granelli di sabbia,,0,1h 4m,war
136,Los indomables,6.5,9,1h 46m,war
137,D-Day: The Unheard Tapes,8.2,269,,war
138,Village of Death: Oradour-sur-Glane 1944,7.8,17,58m,war
139,Pervitin,6.7,6,24m,war
140,The Risk Rule,,0,18m,war
141,The Dakota War: Attack on Fort Ridgely,,0,1h 20m,war
142,Blood Vendetta,7.5,245,1h 30m,war
143,Occupied,,0,1h 17m,war
144,Casques bleuEs,,0,1h 22m,war
145,Lost Identity,6.8,15,,war
146,20/22,5.0,127,,war
147,Dwie siostry,5.3,45,1h 32m,war
148,Bayoneted!,,0,,war
149,Adiabin,7.3,174,,war
150,Straws in the Wind,,0,,war
151,The Dugout,5.4,774,1h 54m,war
152,Vrag u vorot,7.2,100,,war
153,The Battle for Kyiv,7.6,47,,war
154,"Arlempdes, la légende du premier château de la Loire",6.8,13,,war
155,The Daughter,6.6,13,1h 37m,war
156,Las cosas que caen,,0,4m,war
157,Battle for Berlin: WWII,,0,,war
158,Amirli,4.4,51,,war
159,Renverse,,0,2h 7m,war
160,Sem chyornykh bumag,6.6,60,1h 36m,war
161,Burning Stars,6.5,49,1h 24m,war
162,Somewhere Near Nijmegen,7.7,9,25m,war
163,Defending Europe,7.3,31,,war
164,Ukraine Mon Amour,,0,,war
165,The Proof Is Out There: Military Mysteries,6.6,85,,war
166,Dun huang ying xiong,,0,,war
167,THE ESCORT,,0,14m,war
168,Hot Sexy War,,0,,war
169,Majnoon,6.9,35,,war
170,Glaz pustyni,6.2,43,,war
171,The West Sky,5.1,148,,war
172,Levizia,,0,,war
173,Hitler's British Island,6.8,29,,war
174,Operation Thule,,0,2h 40m,war
175,Jewish Revenge 6: Gaza in Focus,6.0,27,1h 10m,war
176,Kara Kyz,5.1,25,1h 51m,war
177,Iron Curtain: Life Under Soviet Occupation,7.3,29,,war
178,Pidyomna syla,8.5,76,1h 27m,war
179,Istrebiteli. Bitva za Krym,5.8,43,,war
180,Elveda Asker,10,15,4m,war
181,El laberinto. La guerra secreta de España,,0,2h 1m,war
182,Vernut lyuboy tsenoy,6.7,34,,war
183,Inimicus,,0,28m,war
184,Velkommen til frontlinjen,8.9,38,,war
185,Fedeltà Soldati. Prigionieri.,,0,1h 20m,war
186,Trepang2: Bladekisser,6.8,11,,war
187,Mythical Creatures,,0,1h 30m,war
188,Deserters,,0,19m,war
189,72 Sigan,,0,4h,war
190,Last December,,0,16m,war
191,Sand,,0,,war
192,Dictators' Hideouts,7.2,18,,war
193,Life and Death in Gaza,8.2,13,1h 28m,war
194,Operatsiya Karpaty,3.9,98,,war
195,From the Ashes of World War II,,0,,war
196,Kamerad,8.5,13,10m,war
197,Eddy's oorlog,7.7,47,1h 41m,war
198,Saigon,,0,,war
199,Metal Slug Tactics,5.6,15,,war
200,Rosie the Reviewer,,0,,war
201,Piggy Series Life: Season Two,8.4,9,,war
202,Druzi,,0,,war
203,Take the Water Prisoner,,0,,war
204,Power and Fire,,0,,war
205,The Korean War,8.7,14,,war
206,Ljiljana Popovic i Ziva Voda: Pesma Despotu Stefanu,,0,4m,war
207,D-Day: The Soldier's Story,8.1,13,,war
208,Sha Hai zhi Men,,0,,war
209,Ukrainan puolustajat,9.3,23,,war
210,Mein Kind - Moya Ditina,7.1,19,,war
211,Despot Zombie,,0,,war
212,The Youngest Partisan,,0,2h 15m,war
213,Hugo - Görings Jødiske Ven,7.9,23,,war
214,Operation Dynamo,,0,,war
215,Military Machines: America in WWII,,0,,war
216,Canvas,,0,10m,war
217,Bloody Sniper,,0,1h 33m,war
218,Vremya vernutsya,6.8,22,1h 40m,war
219,"Little Sleep, Little Slumber",,0,18m,war
220,Redkaya ptitsa,6.2,25,,war
221,Les usines de Staline face aux armées d'Hitler,6.0,22,1h 28m,war
222,"1914, et soudain la guerre!",7.8,8,1h 32m,war
223,VC 571,,0,,war
224,Corps Franc,,0,,war
225,The Letter,,0,17m,war
226,Into the Wilderness,,0,7m,war
227,Deserter,,0,25m,war
228,A Soldier Out of Time,,0,7m,war
229,Dima,,0,36m,war
230,Additional Scenes,6.4,7,17m,war
231,No Tomorrow,,0,,war
232,Operation Star,7.8,25,1h 42m,war
233,Sunflower,8.4,13,,war
234,"Gaza, since October 7",4.6,7,1h 34m,war
235,Kadetar,,0,1h 59m,war
236,Pozyvnoy «Passazhir»,4.7,239,1h 41m,war
237,D-Day: 100 Days to Beat the Third Reich,7.0,29,,war
238,Po zovu serdtsa,6.5,40,,war
239,Rinnans rival,,0,1h 34m,war
240,Churchill's Forgotten War,7.5,16,47m,war
241,The Price of Honour,,0,,war
242,Here We Are Now,,0,1h 2m,war
243,Colonel Xanthi,,0,,war
244,Po zakonam voennogo vremeni 7,7.1,16,,war
245,Last Letter Home,,0,6m,war
246,Da Tu Wei,,0,1h 50m,war
247,Motstandshelter fra Trondheim,6.4,10,,war
248,Até o Último Zangão,,0,6m,war
249,Atlas,,0,17m,war
250,Peace Process,,0,,war
251,Escape,,0,10m,war
252,The Great Forgotten,,0,,war
253,Ekpebiwo m (I have Decided),,0,,war
254,The Route,,0,19m,war
255,Ji zhan cang qiong,,0,,war
256,For the Love of the Motherland,,0,,war
257,"The Big War: Iran, Lebanon and Israel",,0,49m,war
258,Sarkha,,0,4m,war
259,Songs of Silence,,0,,war
260,Iron Lady Sniper,,0,1h 12m,war
261,Dot,,0,1m,war
262,Forgotten but Unbroken,,0,,war
263,Repercussions,,0,,war
264,Athletes of War,,0,1h 35m,war
265,Brothers: A Civil War Story,,0,,war
266,"Libération(s), dans la joie et la douleur",,0,,war
267,Childhood,,0,15m,war
268,Pacific Inferno: Warriors of WW2,,0,,war
269,Black Glass,,0,9m,war
270,Life Train,6.9,45,1h 30m,war
271,Eternal Presence: Journey into the Mind,9.4,9,20m,war
272,Sumerian Six,7.2,12,,war
273,Khazyain 2. Na svoyiy zemli,5.6,8,1h 28m,war
274,Atonement,,0,9m,war
275,Deadliest Weapons Declassified,,0,,war
276,Leningrad. Stimmen aus einer belagerten Stadt,7.5,14,1h 29m,war
277,Iyunskaya polyn,8.7,7,1h 19m,war
278,Krigsvarsleren,7.8,8,55m,war
279,The Bet,,0,5m,war
280,Mission One: Rendezvous,,0,,war
281,WW2 Headquarters,,0,,war
282,Cadets (Junkers),,0,,war
283,Operation Khukri Indian Army 8n Sierra Leone,,0,,war
284,La Apisonadora Soviética,,0,14m,war
285,79 Minutes: The Breach of the Capitol,,0,1h 10m,war
286,Breathe,,0,12m,war
287,Aurora,,0,18m,war
288,The Lights,,0,,war
289,Mission One,,0,,war
290,The Trap,,0,9m,war
291,Por todos,,0,11m,war
292,Meine Liebste Emma,,0,16m,war
293,Roots,,0,1h 32m,war
294,Kazheh,9.1,25,14m,war
295,A Soldier's Story,6.0,12,,war
296,They Shall Not Come Back,,0,15m,war
297,Untold Military Secrets and Scandals,,0,,war
298,Like All the Others,,0,14m,war
299,Anzac.Lemnos.1915.,,0,51m,war
300,Act of War,,0,23m,war
301,The Fields Are Burning,,0,41m,war
302,Unsung - Stories of Mi'kmaq Veterans,,0,,war
303,Bud laska,,0,27m,war
304,Aurora,,0,18m,war
305,Prazdnik,,0,1h 13m,war
306,Samogon,5.7,69,,war
307,The Sound of Music of the War,9.2,9,,war
308,On Moral Grounds,8.4,7,1h 14m,war
309,Hot Sexy War II the Rogue Nuke Project,,0,,war
310,Wo de Ye Ye,,0,1h 37m,war
311,Escape to Shanghai,,0,16m,war
312,"Daibaku Hashin, yasai31 feat. Adachi Rei, Kasane Teto: Mu",,0,3m,war
313,Home,,0,,war
314,¿Cuándo vuelve mamá?,,0,8m,war
315,In Your Gaze,,0,,war
316,Stupidity!!,,0,29m,war
317,Myth of Empires,,0,,war
318,La espera,,0,7m,war
319,Renunciation,,0,7m,war
320,Melodies of War,,0,6m,war
321,Battle for Tokyo: WWII,,0,,war
322,Barbarie,,0,5m,war
323,Los últimos 5 minutos,,0,7m,war
324,Il ciondolo,,0,,war
325,Attack Jiajin Mountain,,0,1h 36m,war
326,Pid odnym dahom,,0,,war
327,ÜRKÜN 1916,,0,,war
328,Il portiere,,0,,war
329,Twisted America,,0,49m,war
330,Those Who Did No More A WW1 Film,,0,,war
331,The Quatermain Files,,0,,war
332,Aman,9.6,10,5m,war
333,Zagovoryonnyy,5.0,26,,war
334,Krasnye lenty,5.5,22,1h 2m,war
335,Dosije Kosovo - Pogrom,7.6,5,1h 49m,war
336,Bells Beneath the Rubble,,0,,war
337,Za Rodinu!,,0,14m,war
338,Home,,0,,war
339,The Patrol,,0,6m,war
340,What Chistmas Left Behind,,0,29m,war
341,I Could Not Stop for Death,,0,6m,war
342,Halo Stop Motion serie,,0,,war
343,Beaches Paved with Red - Amphibious Invasions WWII to Today,,0,1h 3m,war
344,Weapons of Victory,,0,,war
345,Release Nuclear Contaminated Water,,0,,war
346,Delivery Impossible,,0,,war
347,Crystal Island aka Hot Sexy War 7,,0,,war
348,Ostatni Taniec: Czyli ostatnia seria w karierze,,0,,war
349,The Deserter: An Epic Story of Love and War,,0,,war
350,Mickey Mouse Goes to Gaza Strip,,0,3m,war
351,The Journey of Two Dinars,,0,,war
352,Wenn wir wieder zu Hause sind,,0,,war
353,Empty Eyes,,0,,war
354,All Death,,0,,war
355,In Honor of Adrianna: A Warrior's Love Story,,0,27m,war
356,Where the Ravens Fly,,0,,war
357,War in Ukraine: Patrol Chaplain,,0,,war
358,Only Planes,,0,,war
359,Malvinas: O Diário de uma Guerra,,0,,war
360,Wojna1939.pl,,0,,war
361,Pandora,,0,3m,war
362,The Wraith Tavern: History on Tap,,0,,war
363,Sturm,,0,6m,war
364,Free Recall,,0,29m,war
365,Do You Want to See Part Two?,,0,1h 14m,war
366,A Life Worth Living,,0,26m,war
367,11.11.18 Soldat Inconnu,,0,1h 18m,war
368,13th Survivors,,0,,war
369,A Soldier's Errand: A Dark City Vignette,,0,17m,war
370,The Power to Decide,,0,,war
371,The Land of Nowhere,,0,,war
372,Dear Vladimir,,0,6m,war
373,Turning Points,,0,19m,war
374,Captain Mayhem: The White Fox,,0,38m,war
375,Arcanix Land,,0,,war
376,Infantry Attack,,0,,war
377,As Noites Ainda Cheiram a Pólvora,,0,1h 32m,war
378,Restless Land,,0,,war
379,D-Day: The 80th Anniversary,,0,,war
380,War & Calamity: War of the Human Mind,,0,,war
381,The Fall of Europe,,0,,war
382,The Armless,,0,15m,war
383,KIKO: Haurua,,0,,war
384,War Tales Echo,,0,,war
385,Pardners,,0,3m,war
386,Path of Ghosts,,0,,war
387,We're Lost-Minded - Take Two (MokhTalafim),,0,1h 10m,war
388,Shrapnel,,0,,war
389,Landscapes of Home,,0,55m,war
390,731 meres polemou,,0,,war
391,Warcraft I: Remastered,,0,,war
392,Zombie Apocalypse Club,,0,,war
393,Gioia ultima,,0,,war
394,Battle for Rome: WWII,,0,,war
395,Frontline,,0,1m,war
396,Sta harakomata tou polemou,,0,,war
397,Trooper Down: Recon,,0,,war
398,Warcraft II: Remastered,,0,,war
399,Nocturne in Black and Gold,,0,2m,war
400,Soldado,,0,8m,war
401,From Newfoundland to Gallipoli and Home Again,,0,,war
402,Walk to Westerbork,,0,18m,war
403,Comrade,,0,6m,war
404,Fly to Rome,,0,5m,war
405,Atomic Fire Redux,,0,23m,war
406,Operation Friedchicken aka Hot Sexy War 5,,0,,war
407,Sciorium III: The Paths of Icarus,,0,7h 5m,war
408,Minefield Combat,,0,,war
409,"Thank You for Your Interest, Thank God Anyway",,0,25m,war
410,Carnyx,,0,,war
411,From Back Home,,0,4m,war
412,Songs of Steel: Hispania,,0,,war
413,Symfonia mgly,,0,,war
414,Streets of Rogue 2,,0,,war
415,Masters of the Air,7.9,4000,1h 2m,war
416,Masters of the Air,7.9,3400,55m,war
417,Masters of the Air,8.6,3400,48m,war
418,Masters of the Air,7.6,2800,52m,war
419,Masters of the Air,8.6,2900,53m,war
420,Masters of the Air,8.0,2600,1h 1m,war
421,Masters of the Air,7.8,2200,49m,war
422,Masters of the Air,7.4,2200,51m,war
423,Masters of the Air,8.6,2500,1h 18m,war
424,Unsinkable,,0,,war
425,Unsinkable,,0,,war
426,Unsinkable,,0,,war
427,Unsinkable,,0,,war
428,Unsinkable,,0,,war
429,Unsinkable,,0,,war
430,Unsinkable,,0,,war
431,Unsinkable,,0,,war
432,Unsinkable,,0,,war
433,Unsinkable,,0,,war
434,Unsinkable,,0,,war
435,Whiskey on the Rocks,7.1,144,30m,war
436,De Joodse Raad,8.2,60,45m,war
437,De Joodse Raad,8.6,44,51m,war
438,De Joodse Raad,8.7,44,,war
439,De Joodse Raad,8.6,42,,war
440,De Joodse Raad,8.6,44,,war
441,The Sympathizer,7.8,1100,58m,war
442,Our Last Crusade or The Rise of a New World,8.8,54,,war
443,The Sympathizer,7.4,736,1h,war
444,The Sympathizer,7.6,494,1h,war
445,Vikings: Valhalla,7.5,1000,,war
446,The Sympathizer,7.6,624,1h,war
447,The Sympathizer,7.9,611,59m,war
448,The Sympathizer,7.1,494,57m,war
449,The Sympathizer,7.5,458,53m,war
450,Rise of the Raven,7.1,923,,war
451,Halo,7.5,3900,58m,war
452,Halo,7.1,3400,46m,war
453,Vikings: Valhalla,7.6,929,,war
454,Vikings: Valhalla,7.4,890,,war
455,Vikings: Valhalla,7.5,867,,war
456,Vikings: Valhalla,7.6,839,,war
457,Vikings: Valhalla,7.6,838,,war
458,Vikings: Valhalla,8.0,891,,war
459,Vikings: Valhalla,7.6,997,,war
460,SEAL Team,7.5,359,44m,war
461,Creature Commandos,7.3,4000,,war
462,Creature Commandos,8.7,3800,,war
463,Creature Commandos,8.5,3800,,war
464,Creature Commandos,7.9,4000,,war
465,Creature Commandos,7.6,2900,,war
466,Halo,8.8,5200,45m,war
467,Halo,6.8,3100,1h 1m,war
468,Halo,7.5,2900,54m,war
469,Halo,7.7,2800,48m,war
470,Halo,8.3,3600,54m,war
471,Halo,7.0,3500,54m,war
472,Thomas and Friends: Sodor at War,,0,,war
473,The Tattooist of Auschwitz,7.6,537,55m,war
474,The Tattooist of Auschwitz,7.7,456,52m,war
475,The Tattooist of Auschwitz,7.8,425,55m,war
476,The Tattooist of Auschwitz,7.9,411,51m,war
477,The Tattooist of Auschwitz,8.0,395,54m,war
478,The Tattooist of Auschwitz,8.1,403,59m,war
479,We Were the Lucky Ones,7.8,227,56m,war
480,We Were the Lucky Ones,8.2,263,53m,war
481,We Were the Lucky Ones,7.4,354,54m,war
482,We Were the Lucky Ones,7.4,303,53m,war
483,We Were the Lucky Ones,7.7,299,51m,war
484,We Were the Lucky Ones,8.0,231,55m,war
485,We Were the Lucky Ones,8.0,200,55m,war
486,We Were the Lucky Ones,8.7,235,1h 13m,war
487,La case du siècle,6.6,8,53m,war
488,Dictators' Hideouts,7.0,5,,war
489,Dictators' Hideouts,,0,,war
490,Dictators' Hideouts,7.2,5,,war
491,Dictators' Hideouts,,0,,war
492,Dictators' Hideouts,,0,,war
493,Dictators' Hideouts,,0,,war
494,Die Spaltung der Welt,8.0,31,,war
495,Die Spaltung der Welt,8.2,26,,war
496,Die Spaltung der Welt,8.2,21,,war
497,Die Spaltung der Welt,8.7,21,,war
498,Die Spaltung der Welt,8.3,23,,war
499,Die Spaltung der Welt,8.7,23,52m,war
500,Whiskey on the Rocks,7.2,110,31m,war
501,Heaven Official's Blessing,9.1,65,21m,war
502,Heaven Official's Blessing,8.9,63,25m,war
503,Korea-Khitan War,8.4,15,,war
504,Korea-Khitan War,8.9,13,,war
505,Korea-Khitan War,8.6,9,,war
506,Korea-Khitan War,8.9,8,,war
507,Korea-Khitan War,8.6,7,,war
508,Korea-Khitan War,8.1,9,,war
509,Korea-Khitan War,9.1,8,,war
510,Korea-Khitan War,8.4,10,,war
511,Korea-Khitan War,9.3,8,,war
512,Korea-Khitan War,9.3,11,,war
513,Korea-Khitan War,8.7,18,,war
514,Korea-Khitan War,8.6,10,,war
515,Korea-Khitan War,9.4,10,,war
516,Korea-Khitan War,9.4,15,,war
517,Korea-Khitan War,9.6,16,,war
518,Korea-Khitan War,9.3,8,,war
519,Korea-Khitan War,9.5,10,,war
520,Korea-Khitan War,8.6,7,,war
521,Fortune de France,6.8,9,55m,war
522,Fortune de France,6.5,8,49m,war
523,Fortune de France,6.5,8,49m,war
524,Fortune de France,6.6,7,49m,war
525,Fortune de France,7.0,7,54m,war
526,Fortune de France,6.7,7,46m,war
527,La Storia,7.4,26,55m,war
528,SuperMarioLogan,,0,,war
529,Ukraine on Fire 2,,0,,war
530,Ukraine on Fire 2,,0,,war
531,Ukraine on Fire 2,,0,,war
532,Ukraine on Fire 2,9.2,11,,war
533,Zhen cha ying xiong,,0,,war
534,"Was tun, Herr General? - Der Podcast zum Ukraine-Krieg",,0,,war
535,SuperMarioLogan,,0,,war
536,Unsubscribe Podcast,,0,,war
537,Hitler's Engineers: Building the Third Reich,7.8,6,,war
538,SuperMarioLogan,,0,,war
539,La Storia,6.8,20,48m,war
540,La Storia,7.0,17,55m,war
541,La Storia,6.9,16,53m,war
542,La Storia,7.1,15,58m,war
543,La Storia,6.6,14,51m,war
544,La Storia,6.6,13,55m,war
545,La Storia,6.8,15,1h,war
546,"Was tun, Herr General? - Der Podcast zum Ukraine-Krieg",,0,,war
547,Establishment: Osman,8.8,50,,war
548,SuperMarioLogan,,0,,war
549,"Was tun, Herr General? - Der Podcast zum Ukraine-Krieg",,0,,war
550,Hitler's Engineers: Building the Third Reich,7.2,5,,war
551,SuperMarioLogan,,0,,war
552,Ukraine on Fire 2,,0,,war
553,Ukraine on Fire 2,,0,,war
554,Ukraine on Fire 2,8.4,5,,war
555,Ukraine on Fire 2,,0,,war
556,Ukraine on Fire 2,,0,,war
557,Ukraine on Fire 2,9.2,6,,war
558,Ukraine on Fire 2,8.6,5,,war
559,Ukraine on Fire 2,8.8,6,,war
560,Ukraine on Fire 2,9.0,6,,war
561,Kingdom,8.7,333,,war
562,SuperMarioLogan,,0,,war
563,"Was tun, Herr General? - Der Podcast zum Ukraine-Krieg",,0,,war
564,Establishment: Osman,9.3,49,,war
565,SuperMarioLogan,,0,,war
566,Unsubscribe Podcast,,0,1h 36m,war
567,Heaven Official's Blessing,9.0,41,28m,war
568,"Was tun, Herr General? - Der Podcast zum Ukraine-Krieg",,0,,war
569,SuperMarioLogan,,0,,war
570,Ukraine on Fire 2,,0,,war
571,Ukraine on Fire 2,,0,,war
572,Ukraine on Fire 2,,0,,war
573,Ukraine on Fire 2,,0,,war
574,Ukraine on Fire 2,,0,,war
575,Ukraine on Fire 2,,0,,war
576,Kingdom,8.7,301,,war
577,SuperMarioLogan,,0,,war
578,Kingdom,9.1,311,,war
579,Unsubscribe Podcast,,0,,war
580,"Was tun, Herr General? - Der Podcast zum Ukraine-Krieg",,0,,war
581,Ukraine on Fire 2,,0,,war
582,Establishment: Osman,9.2,50,,war
583,SuperMarioLogan,,0,,war
584,A Soldier's Story,,0,,war
585,The War At Home,,0,,war
586,"Was tun, Herr General? - Der Podcast zum Ukraine-Krieg",,0,,war
587,SuperMarioLogan,,0,,war
588,Ukraine on Fire 2,,0,,war
589,SuperMarioLogan,,0,,war
590,Unsubscribe Podcast,,0,,war
591,Establishment: Osman,9.3,49,,war
592,SuperMarioLogan,,0,,war
593,Ukraine on Fire 2,,0,,war
594,Ukraine on Fire 2,,0,,war
595,Ukraine on Fire 2,,0,,war
596,Ukraine on Fire 2,,0,,war
597,Ukraine on Fire 2,,0,,war
598,Ukraine on Fire 2,,0,,war
599,Ukraine on Fire 2,,0,,war
600,Ukraine on Fire 2,,0,,war
601,Ukraine on Fire 2,,0,,war
602,Ukraine on Fire 2,,0,,war
603,Ukraine on Fire 2,,0,,war
604,SuperMarioLogan,,0,,war
605,Kingdom,8.8,277,,war
606,SuperMarioLogan,,0,,war
607,Unsubscribe Podcast,,0,,war
608,Establishment: Osman,9.3,45,,war
609,SuperMarioLogan,,0,,war
610,"Was tun, Herr General? - Der Podcast zum Ukraine-Krieg",,0,,war
611,SEAL Team,8.0,356,47m,war
612,SEAL Team,7.7,287,47m,war
613,SEAL Team,7.5,280,46m,war
614,SEAL Team,7.5,273,47m,war
615,SuperMarioLogan,,0,,war
616,All Death,,0,,war
617,All Death,,0,,war
618,Kingdom,8.9,290,,war
619,Ukraine on Fire 2,,0,,war
620,Ukraine on Fire 2,,0,,war
621,Ukraine on Fire 2,,0,,war
622,Ukraine on Fire 2,,0,,war
623,Ukraine on Fire 2,,0,,war
624,Ukraine on Fire 2,,0,,war
625,Ukraine on Fire 2,,0,,war
626,Ukraine on Fire 2,,0,,war
627,Ukraine on Fire 2,,0,,war
628,SuperMarioLogan,,0,,war
629,Unsubscribe Podcast,,0,,war
630,La case du siècle,,0,1h 2m,war
631,Ukraine on Fire 2,,0,,war
632,Ukraine on Fire 2,,0,,war
633,"Was tun, Herr General? - Der Podcast zum Ukraine-Krieg",,0,,war
634,Pereviznytsya,6.7,24,31m,war
635,Pereviznytsya,6.8,23,30m,war
636,Pereviznytsya,6.8,22,26m,war
637,Pereviznytsya,6.7,22,26m,war
638,Pereviznytsya,6.7,20,28m,war
639,Establishment: Osman,8.9,51,,war
640,SuperMarioLogan,,0,,war
641,"Was tun, Herr General? - Der Podcast zum Ukraine-Krieg",,0,,war
642,Vreme smrti,8.1,22,,war
643,SuperMarioLogan,,0,,war
644,Glaz pustyni,,0,,war
645,Samogon,6.3,7,,war
646,Skibidi Toilet,6.9,171,14m,war
647,Ukraine on Fire 2,,0,,war
648,Ukraine on Fire 2,,0,,war
649,Ukraine on Fire 2,,0,,war
650,Ukraine on Fire 2,,0,,war
651,Ukraine on Fire 2,,0,,war
652,SuperMarioLogan,,0,,war
653,Kingdom,8.7,273,,war
654,Vernut lyuboy tsenoy,,0,,war
655,Vernut lyuboy tsenoy,,0,,war
656,Vernut lyuboy tsenoy,,0,,war
657,Vernut lyuboy tsenoy,,0,,war
658,Vernut lyuboy tsenoy,,0,,war
659,Vernut lyuboy tsenoy,,0,,war
660,Vernut lyuboy tsenoy,,0,,war
661,Vernut lyuboy tsenoy,,0,,war
662,Unsubscribe Podcast,,0,,war
663,Establishment: Osman,9.1,49,,war
664,"Was tun, Herr General? - Der Podcast zum Ukraine-Krieg",,0,,war
665,SuperMarioLogan,,0,,war
666,Lancer: Its Just Business,,0,,war
667,Lancer: Its Just Business,,0,,war
668,Lancer: Its Just Business,,0,,war
669,Lancer: Its Just Business,,0,,war
670,Battlefields,8.1,15,,war
671,Battlefields,8.8,10,,war
672,Vreme smrti,,0,,war
673,Vreme smrti,,0,,war
674,Vreme smrti,,0,,war
675,Vreme smrti,,0,,war
676,Vreme smrti,,0,,war
677,Vreme smrti,,0,,war
678,Vreme smrti,,0,,war
679,Vreme smrti,,0,,war
680,Vreme smrti,,0,,war
681,Vreme smrti,,0,,war
682,Vreme smrti,,0,,war
683,Vreme smrti,,0,,war
684,Vreme smrti,,0,,war
685,Vreme smrti,,0,,war
686,Vreme smrti,,0,,war
687,Vreme smrti,,0,,war
688,Vreme smrti,,0,,war
689,Vreme smrti,,0,,war
690,Vreme smrti,,0,,war
691,Vreme smrti,,0,,war
692,Vreme smrti,,0,,war
693,Vreme smrti,,0,,war
694,Vreme smrti,,0,,war
695,SuperMarioLogan,,0,,war
696,2 Docs & a Grunt,,0,,war
697,Ukraine on Fire 2,,0,,war
698,Ukraine on Fire 2,,0,,war
699,Ukraine on Fire 2,,0,,war
700,Ukraine on Fire 2,,0,,war
701,Ukraine on Fire 2,,0,,war
702,Ukraine on Fire 2,,0,,war
703,Ukraine on Fire 2,,0,,war
704,SuperMarioLogan,,0,,war
705,Skibidi Toilet,6.3,114,2m,war
706,"Was tun, Herr General? - Der Podcast zum Ukraine-Krieg",,0,,war
707,Samogon,4.8,5,,war
708,Samogon,5.0,5,,war
709,Samogon,5.0,5,,war
710,SuperMarioLogan,,0,,war
711,Establishment: Osman,9.2,51,,war
712,Lancer: Its Just Business,,0,,war
713,Mehmed: Fetihler Sultani,9.3,349,,war
714,Glaz pustyni,,0,,war
715,Glaz pustyni,,0,,war
716,Unsubscribe Podcast,,0,1h 37m,war
717,SuperMarioLogan,,0,,war
718,"Was tun, Herr General? - Der Podcast zum Ukraine-Krieg",,0,,war
719,Battlefields,7.6,9,,war
720,Kingdom,9.0,289,,war
721,SuperMarioLogan,,0,,war
722,Kingdom,9.2,310,,war
723,Ukraine on Fire 2,,0,,war
724,Ukraine on Fire 2,,0,,war
725,Ukraine on Fire 2,,0,,war
726,Ukraine on Fire 2,,0,,war
727,Ukraine on Fire 2,,0,,war
728,Ukraine on Fire 2,,0,,war
729,Ukraine on Fire 2,,0,,war
730,Battlefields,8.2,9,,war
731,Unsubscribe Podcast,,0,,war
732,Battlefields,9.6,9,,war
733,Battlefields,,0,,war
734,Battlefields,,0,,war
735,SuperMarioLogan,,0,,war
736,Battlefields,8.2,10,18m,war
737,"Was tun, Herr General? - Der Podcast zum Ukraine-Krieg",,0,,war
738,Glaz pustyni,,0,,war
739,Glaz pustyni,,0,,war
740,Establishment: Osman,9.1,47,,war
741,Mehmed: Fetihler Sultani,8.9,284,,war
742,SuperMarioLogan,,0,,war
743,Lancer: Its Just Business,,0,,war
744,"Was tun, Herr General? - Der Podcast zum Ukraine-Krieg",,0,,war
745,SuperMarioLogan,,0,,war
746,The Real War of Thrones,,0,,war
747,The Real War of Thrones,,0,,war
748,Kingdom,9.6,533,,war
749,SuperMarioLogan,,0,,war
750,Ukraine on Fire 2,,0,,war
751,Ukraine on Fire 2,,0,,war
752,Ukraine on Fire 2,,0,,war
753,Ukraine on Fire 2,,0,,war
754,Ukraine on Fire 2,,0,,war
755,Ukraine on Fire 2,,0,,war
756,Ukraine on Fire 2,,0,,war
757,Ukraine on Fire 2,,0,,war
758,Unsubscribe Podcast,,0,,war
759,"Was tun, Herr General? - Der Podcast zum Ukraine-Krieg",,0,,war
760,Lost Women Spies,,0,,war
761,Lost Women Spies,,0,,war
762,Lost Women Spies,,0,,war
763,Lost Women Spies,,0,,war
764,Lost Women Spies,,0,,war
765,Establishment: Osman,8.8,39,,war
766,SuperMarioLogan,,0,,war
767,Battlefields,8.8,19,,war
768,Battlefields,8.6,12,,war
769,Battlefields,9.4,12,,war
770,Warfare,,0,,war
771,Admiral Kuznetsov,,0,,war
772,Admiral Kuznetsov,,0,,war
773,Admiral Kuznetsov,,0,,war
774,Admiral Kuznetsov,,0,,war
775,Admiral Kuznetsov,,0,,war
776,Admiral Kuznetsov,,0,,war
777,Admiral Kuznetsov,,0,,war
778,Admiral Kuznetsov,,0,,war
779,"Was tun, Herr General? - Der Podcast zum Ukraine-Krieg",,0,,war
780,Preston Stewart,,0,11m,war
781,SuperMarioLogan,,0,,war
782,Amirli,,0,1h 4m,war
783,Amirli,,0,,war
784,Amirli,,0,,war
785,Defence in Depth,,0,,war
786,Defence in Depth,,0,,war
787,Defence in Depth,,0,,war
788,Adiabin,9.8,5,45m,war
789,Adiabin,,0,45m,war
790,Adiabin,,0,45m,war
791,Adiabin,,0,45m,war
792,Adiabin,,0,45m,war
793,Adiabin,,0,45m,war
794,Adiabin,,0,45m,war
795,Adiabin,,0,45m,war
796,Adiabin,,0,45m,war
797,Adiabin,,0,45m,war
798,Adiabin,,0,45m,war
799,Adiabin,,0,45m,war
800,Adiabin,,0,45m,war
801,Adiabin,,0,45m,war
802,Adiabin,,0,45m,war
803,Adiabin,,0,45m,war
804,Adiabin,,0,45m,war
805,Adiabin,,0,45m,war
806,Adiabin,,0,45m,war
807,Adiabin,,0,45m,war
808,Adiabin,,0,45m,war
809,Adiabin,,0,45m,war
810,Adiabin,,0,45m,war
811,Adiabin,,0,45m,war
812,Adiabin,,0,45m,war
813,Adiabin,,0,45m,war
814,Adiabin,,0,45m,war
815,Adiabin,,0,45m,war
816,Adiabin,,0,45m,war
817,Adiabin,9.1,9,45m,war
818,SuperMarioLogan,,0,,war
819,Unsubscribe Podcast,,0,,war
820,"Was tun, Herr General? - Der Podcast zum Ukraine-Krieg",,0,,war
821,Establishment: Osman,8.9,40,,war
822,Ukraine on Fire 2,,0,,war
823,Ukraine on Fire 2,,0,,war
824,Ukraine on Fire 2,,0,,war
825,Ukraine on Fire 2,,0,,war
826,SEAL Team,7.6,266,48m,war
827,SEAL Team,7.1,263,46m,war
828,SEAL Team,7.9,262,43m,war
829,SEAL Team,8.1,276,46m,war
830,SEAL Team,8.5,442,48m,war
831,SuperMarioLogan,,0,,war
832,Kingdom,9.6,398,,war
833,"Was tun, Herr General? - Der Podcast zum Ukraine-Krieg",,0,,war
834,Mehmed: Fetihler Sultani,9.2,237,,war
835,Mehmed: Fetihler Sultani,9.4,243,,war
836,SuperMarioLogan,,0,,war
837,Ukraine on Fire 2,,0,,war
838,Ukraine on Fire 2,,0,,war
839,Ukraine on Fire 2,,0,,war
840,Ukraine on Fire 2,,0,,war
841,Ukraine on Fire 2,,0,,war
842,Ukraine on Fire 2,,0,,war
843,Ukraine on Fire 2,,0,,war
844,Ukraine on Fire 2,,0,,war
845,Ukraine on Fire 2,,0,,war
846,SuperMarioLogan,,0,,war
847,Unsubscribe Podcast,,0,,war
848,Establishment: Osman,9.1,34,,war
849,Lancer: Its Just Business,,0,,war
850,Kingdom,8.9,294,,war
851,SuperMarioLogan,,0,,war
852,"Was tun, Herr General? - Der Podcast zum Ukraine-Krieg",,0,,war
853,SuperMarioLogan,,0,,war
854,Preston Stewart,,0,22m,war
855,Kingdom,8.8,243,,war
856,Kingdom,8.7,245,,war
857,SuperMarioLogan,,0,,war
858,Unsubscribe Podcast,,0,,war
859,Ukraine on Fire 2,,0,,war
860,Ukraine on Fire 2,,0,,war
861,Ukraine on Fire 2,,0,,war
862,Ukraine on Fire 2,,0,,war
863,Ukraine on Fire 2,,0,,war
864,Ukraine on Fire 2,,0,,war
865,Ukraine on Fire 2,,0,,war
866,Ukraine on Fire 2,,0,,war
867,"Was tun, Herr General? - Der Podcast zum Ukraine-Krieg",,0,,war
868,Establishment: Osman,9.3,43,,war
869,Mehmed: Fetihler Sultani,9.5,207,,war
870,SuperMarioLogan,,0,,war
871,2 Docs & a Grunt,,0,,war
872,Skibidi Toilet,7.1,123,7m,war
873,"Was tun, Herr General? - Der Podcast zum Ukraine-Krieg",,0,,war
874,SuperMarioLogan,,0,,war
875,Ukraine on Fire 2,,0,,war
876,Ukraine on Fire 2,,0,,war
877,Ukraine on Fire 2,,0,,war
878,Ukraine on Fire 2,,0,,war
879,Ukraine on Fire 2,,0,,war
880,Ukraine on Fire 2,,0,,war
881,SuperMarioLogan,,0,,war
882,Unsubscribe Podcast,,0,,war
883,"Was tun, Herr General? - Der Podcast zum Ukraine-Krieg",,0,,war
884,SuperMarioLogan,,0,,war
885,"Was tun, Herr General? - Der Podcast zum Ukraine-Krieg",,0,,war
886,SuperMarioLogan,,0,,war
887,Po zovu serdtsa,,0,,war
888,Po zovu serdtsa,,0,,war
889,Po zovu serdtsa,,0,,war
890,Po zovu serdtsa,,0,,war
891,Ukraine on Fire 2,,0,,war
892,Ukraine on Fire 2,,0,,war
893,Ukraine on Fire 2,,0,,war
894,Ukraine on Fire 2,,0,,war
895,Ukraine on Fire 2,,0,,war
896,Ukraine on Fire 2,,0,,war
897,Ukraine on Fire 2,,0,,war
898,SuperMarioLogan,,0,,war
899,Unsubscribe Podcast,,0,,war
900,Lancer: Its Just Business,,0,,war
901,The Proof Is Out There: Military Mysteries,7.1,20,41m,war
902,Establishment: Osman,8.9,39,,war
903,"Was tun, Herr General? - Der Podcast zum Ukraine-Krieg",,0,,war
904,SuperMarioLogan,,0,,war
905,In the Name of the Brother,,0,,war
906,IMMORTALITY,,0,,war
907,"Was tun, Herr General? - Der Podcast zum Ukraine-Krieg",,0,,war
908,War&History,,0,9m,war
909,SuperMarioLogan,,0,,war
910,Ukraine on Fire 2,,0,1m,war
911,Ukraine on Fire 2,,0,1m,war
912,Ukraine on Fire 2,,0,1m,war
913,Ukraine on Fire 2,,0,1m,war
914,Ukraine on Fire 2,,0,,war
915,Ukraine on Fire 2,,0,,war
916,Ukraine on Fire 2,,0,1m,war
917,Ukraine on Fire 2,,0,1m,war
918,Unsubscribe Podcast,,0,,war
919,SuperMarioLogan,,0,,war
920,"Was tun, Herr General? - Der Podcast zum Ukraine-Krieg",,0,,war
921,Mehmed: Fetihler Sultani,9.5,172,,war
922,Mehmed: Fetihler Sultani,9.8,227,,war
923,Mehmed: Fetihler Sultani,9.5,183,,war
924,Establishment: Osman,9.3,35,,war
925,Ukrainan puolustajat,,0,28m,war
926,SuperMarioLogan,,0,,war
927,Operatsiya Karpaty,4.4,10,,war
928,Operatsiya Karpaty,5.2,5,,war
929,Operatsiya Karpaty,5.0,5,,war
930,Operatsiya Karpaty,5.0,5,,war
931,Operatsiya Karpaty,5.4,5,,war
932,Operatsiya Karpaty,5.2,5,,war
933,Operatsiya Karpaty,5.0,5,,war
934,Preston Stewart,,0,12m,war
935,"Was tun, Herr General? - Der Podcast zum Ukraine-Krieg",,0,,war
936,Mehmed: Fetihler Sultani,9.6,168,,war
937,SuperMarioLogan,,0,,war
938,The Proof Is Out There: Military Mysteries,6.2,15,41m,war
939,The Proof Is Out There: Military Mysteries,6.5,13,41m,war
940,The Proof Is Out There: Military Mysteries,6.9,10,41m,war
941,The Proof Is Out There: Military Mysteries,6.8,10,41m,war
942,Ukrainan puolustajat,,0,29m,war
943,Ukrainan puolustajat,,0,29m,war
944,SuperMarioLogan,,0,,war
945,Unsubscribe Podcast,,0,,war
946,Battleship New Jersey,,0,6m,war
947,Establishment: Osman,9.1,39,,war
948,SuperMarioLogan,,0,,war
949,Mehmed: Fetihler Sultani,9.6,168,,war
950,SuperMarioLogan,,0,,war
951,Mehmed: Fetihler Sultani,9.7,163,,war
952,In the Name of the Brother,,0,,war
953,In the Name of the Brother,,0,,war
954,In the Name of the Brother,,0,,war
955,In the Name of the Brother,,0,,war
956,In the Name of the Brother,,0,,war
957,In the Name of the Brother,,0,,war
958,In the Name of the Brother,,0,,war
959,In the Name of the Brother,,0,,war
960,In the Name of the Brother,,0,,war
961,In the Name of the Brother,,0,,war
962,In the Name of the Brother,,0,,war
963,In the Name of the Brother,,0,,war
964,In the Name of the Brother,,0,,war
965,In the Name of the Brother,,0,,war
966,In the Name of the Brother,,0,,war
967,In the Name of the Brother,,0,,war
968,In the Name of the Brother,,0,,war
969,In the Name of the Brother,,0,,war
970,In the Name of the Brother,,0,,war
971,In the Name of the Brother,,0,,war
972,In the Name of the Brother,,0,,war
973,In the Name of the Brother,,0,,war
974,In the Name of the Brother,,0,,war
975,In the Name of the Brother,,0,,war
976,In the Name of the Brother,,0,,war
977,In the Name of the Brother,,0,,war
978,In the Name of the Brother,,0,,war
979,In the Name of the Brother,,0,,war
980,In the Name of the Brother,,0,,war
981,In the Name of the Brother,,0,,war
982,In the Name of the Brother,,0,,war
983,In the Name of the Brother,,0,,war
984,In the Name of the Brother,,0,,war
985,In the Name of the Brother,,0,,war
986,In the Name of the Brother,,0,,war
987,In the Name of the Brother,,0,,war
988,In the Name of the Brother,,0,,war
989,In the Name of the Brother,,0,,war
990,In the Name of the Brother,,0,,war
991,SuperMarioLogan,,0,,war
992,Unsubscribe Podcast,,0,,war
993,Istrebiteli. Bitva za Krym,5.2,7,,war
994,Istrebiteli. Bitva za Krym,6.0,5,,war
995,Istrebiteli. Bitva za Krym,5.4,5,,war
996,Istrebiteli. Bitva za Krym,5.4,5,,war
997,Istrebiteli. Bitva za Krym,5.6,5,,war
998,Istrebiteli. Bitva za Krym,5.4,5,,war
999,Ukraine on Fire 2,,0,1m,war
1000,Ukraine on Fire 2,,0,,war
1001,Ukraine on Fire 2,,0,,war
1002,Ukraine on Fire 2,,0,1m,war
1003,Ukraine on Fire 2,,0,1m,war
1004,Ukraine on Fire 2,,0,1m,war
1005,Ukraine on Fire 2,,0,1m,war
1006,Ukraine on Fire 2,,0,,war
1007,Ukraine on Fire 2,,0,1m,war
1008,Ukraine on Fire 2,,0,,war
1009,Ukraine on Fire 2,,0,,war
1010,Ukraine on Fire 2,,0,,war
1011,Ukraine on Fire 2,,0,,war
1012,Ukraine on Fire 2,,0,,war
1013,Ukraine on Fire 2,,0,,war
1014,"Was tun, Herr General? - Der Podcast zum Ukraine-Krieg",,0,,war
1015,Zagovoryonnyy,,0,,war
1016,Zagovoryonnyy,,0,,war
1017,Zagovoryonnyy,,0,,war
1018,Zagovoryonnyy,,0,,war
1019,Establishment: Osman,9.3,37,,war
1020,Ukraine on Fire 2,,0,,war
1021,SuperMarioLogan,,0,,war
1022,Ukraine on Fire 2,,0,,war
1023,Ukraine on Fire 2,,0,,war
1024,Skibidi Toilet,7.4,143,10m,war
1025,"Was tun, Herr General? - Der Podcast zum Ukraine-Krieg",,0,,war
1026,SuperMarioLogan,,0,,war
1027,Redkaya ptitsa,,0,,war
1028,Redkaya ptitsa,,0,,war
1029,Redkaya ptitsa,,0,,war
1030,Redkaya ptitsa,,0,,war
1031,Ukraine on Fire 2,,0,,war
1032,Ukraine on Fire 2,,0,,war
1033,SuperMarioLogan,,0,,war
1034,Ukraine on Fire 2,,0,1m,war
1035,Unsubscribe Podcast,,0,,war
1036,Ukraine on Fire 2,,0,1m,war
1037,The Proof Is Out There: Military Mysteries,6.9,9,41m,war
1038,Ukraine on Fire 2,,0,,war
1039,Establishment: Osman,9.1,33,,war
1040,"Was tun, Herr General? - Der Podcast zum Ukraine-Krieg",,0,,war
1041,SuperMarioLogan,,0,,war
1042,Battleship New Jersey,,0,7m,war
1043,SuperMarioLogan,,0,,war
1044,Mehmed: Fetihler Sultani,9.3,145,,war
1045,Ukraine on Fire 2,,0,1m,war
1046,Ukraine on Fire 2,,0,1m,war
1047,Ukraine on Fire 2,,0,,war
1048,Ukraine on Fire 2,,0,1m,war
1049,SuperMarioLogan,,0,,war
1050,True War Stories: Mission Report,,0,,war
1051,Unsubscribe Podcast,,0,,war
1052,"Was tun, Herr General? - Der Podcast zum Ukraine-Krieg",,0,,war
1053,Establishment: Osman,9.3,37,,war
1054,Mehmed: Fetihler Sultani,9.5,138,,war
1055,SuperMarioLogan,,0,,war
1056,SuperMarioLogan,,0,,war
1057,Ukraine on Fire 2,,0,,war
1058,Ukraine on Fire 2,,0,,war
1059,Ukraine on Fire 2,,0,,war
1060,Unsubscribe Podcast,,0,,war
1061,SuperMarioLogan,,0,,war
1062,"Was tun, Herr General? - Der Podcast zum Ukraine-Krieg",,0,,war
1063,Hell Below,9.0,5,,war
1064,Ukraine on Fire 2,,0,1m,war
1065,Ukraine on Fire 2,,0,1m,war
1066,Establishment: Osman,8.9,29,,war
1067,Hell Below,,0,,war
1068,Ukraine on Fire 2,,0,,war
1069,Ukraine on Fire 2,,0,,war
1070,Ukraine on Fire 2,,0,,war
1071,Ukraine on Fire 2,,0,1m,war
1072,Ukraine on Fire 2,,0,,war
1073,Hell Below,,0,,war
1074,Battleship New Jersey,,0,11m,war
1075,Hell Below,,0,,war
1076,Hell Below,,0,,war
1077,Hell Below,,0,,war
1078,SuperMarioLogan,,0,,war
1079,Mehmed: Fetihler Sultani,9.6,154,,war
1080,Hitler's Handmaidens,6.4,15,,war
1081,Hitler's Handmaidens,7.9,11,,war
1082,Hitler's Handmaidens,7.7,10,,war
1083,Hitler's Handmaidens,7.8,9,,war
1084,"Was tun, Herr General? - Der Podcast zum Ukraine-Krieg",,0,,war
1085,SuperMarioLogan,,0,,war
1086,Skibidi Toilet,6.5,173,7m,war
1087,The Price of Honour,,0,,war
1088,Ukraine on Fire 2,,0,1m,war
1089,Ukraine on Fire 2,,0,1m,war
1090,SuperMarioLogan,,0,,war
1091,Unsubscribe Podcast,,0,,war
1092,D-Day: The Unheard Tapes,7.9,28,58m,war
1093,D-Day: The Unheard Tapes,8.0,24,58m,war
1094,Ukraine on Fire 2,,0,1m,war
1095,Ukraine on Fire 2,,0,1m,war
1096,Ukraine on Fire 2,,0,1m,war
1097,Ukraine on Fire 2,,0,1m,war
1098,Ukraine on Fire 2,,0,1m,war
1099,Establishment: Osman,9.5,32,,war
1100,"Was tun, Herr General? - Der Podcast zum Ukraine-Krieg",,0,,war
1101,D-Day: The Unheard Tapes,7.8,21,58m,war
1102,SuperMarioLogan,,0,,war
1103,Mehmed: Fetihler Sultani,9.7,134,,war
1104,"Was tun, Herr General? - Der Podcast zum Ukraine-Krieg",,0,,war
1105,SuperMarioLogan,,0,,war
1106,The Great War,8.4,16,2h,war
1107,The Great War,8.6,16,2h,war
1108,Ukraine on Fire 2,,0,1m,war
1109,Ukraine on Fire 2,,0,1m,war
1110,Ukraine on Fire 2,,0,1m,war
1111,Ukraine on Fire 2,,0,1m,war
1112,Red Sun,6.7,15,43m,war
1113,SuperMarioLogan,,0,,war
1114,La case du siècle,7.4,6,1h 5m,war
1115,Ukraine on Fire 2,,0,1m,war
1116,Ukraine on Fire 2,,0,1m,war
1117,Establishment: Osman,9.2,39,,war
1118,SuperMarioLogan,,0,,war
1119,Military TV,,0,8m,war
1120,Military TV,,0,8m,war
1121,Mehmed: Fetihler Sultani,9.8,165,,war
1122,Apocalypse: Les débarquements,8.3,19,52m,war
1123,Apocalypse: Les débarquements,8.1,17,53m,war
1124,SuperMarioLogan,,0,,war
1125,La case du siècle,,0,53m,war
1126,Coco SMP,,0,,war
1127,La case du siècle,,0,55m,war
1128,La case du siècle,,0,52m,war
1129,La case du siècle,,0,56m,war
1130,La case du siècle,,0,54m,war
1131,La case du siècle,,0,56m,war
1132,La case du siècle,,0,57m,war
1133,SuperMarioLogan,,0,,war
1134,Ukraine on Fire 2,,0,1m,war
1135,Ukraine on Fire 2,,0,,war
1136,Rosie the Reviewer,,0,,war
1137,Rosie the Reviewer,,0,,war
1138,Rosie the Reviewer,,0,,war
1139,Rosie the Reviewer,,0,,war
1140,Rosie the Reviewer,,0,,war
1141,Rosie the Reviewer,,0,,war
1142,Rosie the Reviewer,,0,,war
1143,Rosie the Reviewer,,0,,war
1144,Rosie the Reviewer,,0,,war
1145,Unsubscribe Podcast,,0,,war
1146,The Korean War,,0,,war
1147,Military TV,,0,8m,war
1148,"Was tun, Herr General? - Der Podcast zum Ukraine-Krieg",,0,,war
1149,Historia Militum,,0,13m,war
1150,Coffee Contrails,,0,,war
1151,Coffee Contrails,,0,,war
1152,Coffee Contrails,,0,,war
1153,Coffee Contrails,,0,,war
1154,Coffee Contrails,,0,,war
1155,Coffee Contrails,,0,,war
1156,SuperMarioLogan,,0,,war
1157,"Was tun, Herr General? - Der Podcast zum Ukraine-Krieg",,0,,war
1158,Ukraine on Fire 2,,0,1m,war
1159,Ukraine on Fire 2,,0,,war
1160,Ukraine on Fire 2,,0,1m,war
1161,Ukraine on Fire 2,,0,1m,war
1162,Ukraine on Fire 2,,0,,war
1163,Ukraine on Fire 2,,0,1m,war
1164,Ukraine on Fire 2,,0,1m,war
1165,Ukraine on Fire 2,,0,1m,war
1166,Ukraine on Fire 2,,0,1m,war
1167,Ukraine on Fire 2,,0,1m,war
1168,Unsubscribe Podcast,,0,4h 18m,war
1169,Skibidi Toilet,5.5,113,4m,war
1170,SuperMarioLogan,,0,,war
1171,Unsubscribe Podcast,,0,,war
1172,"Was tun, Herr General? - Der Podcast zum Ukraine-Krieg",,0,,war
1173,Lancer: Its Just Business,,0,,war
1174,SuperMarioLogan,,0,,war
1175,Po zakonam voennogo vremeni 7,,0,,war
1176,Po zakonam voennogo vremeni 7,,0,,war
1177,Po zakonam voennogo vremeni 7,,0,,war
1178,Po zakonam voennogo vremeni 7,,0,,war
1179,Po zakonam voennogo vremeni 7,,0,,war
1180,Po zakonam voennogo vremeni 7,,0,,war
1181,Po zakonam voennogo vremeni 7,,0,,war
1182,Po zakonam voennogo vremeni 7,,0,,war
1183,Rosie the Reviewer,,0,,war
1184,Rosie the Reviewer,,0,,war
1185,Lost Identity,,0,,war
1186,SuperMarioLogan,,0,,war
1187,SuperMarioLogan,,0,,war
1188,The Korean War,,0,,war
1189,SuperMarioLogan,,0,,war
1190,WW2 on TV,,0,22m,war
1191,SuperMarioLogan,,0,,war
1192,Rosie the Reviewer,,0,,war
1193,World War Two,,0,,war
1194,Ukraine on Fire 2,,0,,war
1195,Ukraine on Fire 2,,0,,war
1196,Ukraine on Fire 2,,0,,war
1197,Ukraine on Fire 2,,0,,war
1198,Ukraine on Fire 2,,0,,war
1199,Ukraine on Fire 2,,0,,war
1200,Ukraine on Fire 2,,0,,war
1201,Ukraine on Fire 2,,0,,war
1202,Ukraine on Fire 2,,0,,war
1203,Ukraine on Fire 2,,0,,war
1204,Ukraine on Fire 2,,0,,war
1205,Ukraine on Fire 2,,0,,war
1206,Ukraine on Fire 2,,0,,war
1207,Ukraine on Fire 2,,0,,war
1208,Unsubscribe Podcast,,0,1h 59m,war
1209,SuperMarioLogan,,0,,war
1210,The Korean War,,0,,war
1211,Motstandshelter fra Trondheim,,0,29m,war
1212,Motstandshelter fra Trondheim,,0,29m,war
1213,Motstandshelter fra Trondheim,,0,28m,war
1214,Motstandshelter fra Trondheim,,0,29m,war
1215,Motstandshelter fra Trondheim,,0,30m,war
1216,SuperMarioLogan,,0,,war
1217,Operatsiya Karpaty,,0,,war
1218,World War Two,,0,,war
1219,SuperMarioLogan,,0,,war
1220,Our Last Crusade or The Rise of a New World,8.8,53,,war
1221,SuperMarioLogan,,0,,war
1222,The Korean War,,0,,war
1223,Preston Stewart,,0,15m,war
1224,SuperMarioLogan,,0,,war
1225,2 Docs & a Grunt,,0,,war
1226,Our Last Crusade or The Rise of a New World,9.0,48,,war
1227,Our Last Crusade or The Rise of a New World,9.0,42,,war
1228,Our Last Crusade or The Rise of a New World,9.0,39,,war
1229,SuperMarioLogan,,0,,war
1230,Skibidi Toilet,5.5,110,8m,war
1231,Unsubscribe Podcast,,0,2h 25m,war
1232,Unsubscribe Podcast,,0,2h 5m,war
1233,SuperMarioLogan,,0,,war
1234,World War Two,,0,,war
1235,World War Two,,0,,war
1236,World War Two,,0,,war
1237,World War Two,,0,,war
1238,World War Two,,0,,war
1239,World War Two,,0,,war
1240,The Korean War,,0,,war
1241,SuperMarioLogan,,0,,war
1242,Lost Identity,,0,,war
1243,Lost Identity,,0,,war
1244,Lost Identity,,0,,war
1245,Lost Identity,,0,,war
1246,Lost Identity,,0,,war
1247,Lost Identity,,0,,war
1248,Lost Identity,,0,,war
1249,Lost Identity,,0,,war
1250,Lost Identity,,0,,war
1251,Lost Identity,,0,,war
1252,Lost Identity,,0,,war
1253,Lost Identity,,0,,war
1254,Lost Identity,,0,,war
1255,Lost Identity,,0,,war
1256,Lost Identity,,0,,war
1257,Lost Identity,,0,,war
1258,Lost Identity,,0,,war
1259,Lost Identity,,0,,war
1260,Lost Identity,,0,,war
1261,Lost Identity,,0,,war
1262,Lost Identity,,0,,war
1263,Lost Identity,,0,,war
1264,Lost Identity,,0,,war
1265,Lost Identity,,0,,war
1266,Lost Identity,,0,,war
1267,Lost Identity,,0,,war
1268,Lost Identity,,0,,war
1269,Lost Identity,,0,,war
1270,Lost Identity,,0,,war
1271,Lost Identity,,0,,war
1272,Lost Identity,,0,,war
1273,Lost Identity,,0,,war
1274,Lost Identity,,0,,war
1275,Lost Identity,,0,,war
1276,Lost Identity,,0,,war
1277,Lost Identity,,0,,war
1278,Lost Identity,,0,,war
1279,Lost Identity,,0,,war
1280,Lost Identity,,0,,war
1281,SuperMarioLogan,,0,,war
1282,Red Sun,6.6,14,29m,war
1283,Red Sun,6.9,9,26m,war
1284,SuperMarioLogan,,0,,war
1285,Red Sun,9.8,5,,war
1286,Lancer: Its Just Business,,0,,war
1287,Red Sun,,0,,war
1288,The Korean War,,0,,war
1289,SuperMarioLogan,,0,,war
1290,Rosie the Reviewer,,0,,war
1291,Rosie the Reviewer,,0,,war
1292,Rosie the Reviewer,,0,,war
1293,Rosie the Reviewer,,0,,war
1294,Red Sun,,0,25m,war
1295,A Lonely Hero's Journey,,0,,war
1296,SuperMarioLogan,,0,,war
1297,2 Docs & a Grunt,,0,,war
1298,Red Sun,,0,25m,war
1299,Ukraine on Fire 2,,0,,war
1300,Ukraine on Fire 2,,0,,war
1301,Ukraine on Fire 2,,0,,war
1302,Ukraine on Fire 2,,0,,war
1303,2 Docs & a Grunt,,0,,war
1304,Red Sun,10,5,25m,war
1305,SuperMarioLogan,,0,,war
1306,Naam Namak Nishan,8.3,13,,war
1307,Red Sun,,0,27m,war
1308,Red Sun,,0,28m,war
1309,The Intel Report,,0,15m,war
1310,World War Two,,0,,war
1311,Corridors of Power: Should America Police the World?,8.5,22,57m,war
1312,SuperMarioLogan,,0,,war
1313,Ostatni Taniec: Czyli ostatnia seria w karierze,,0,,war
1314,Red Sun,,0,24m,war
1315,Red Sun,,0,28m,war
1316,SuperMarioLogan,,0,,war
1317,IMMORTALITY,,0,,war
1318,IMMORTALITY,,0,,war
1319,Red Sun,,0,28m,war
1320,Ukraine on Fire 2,,0,,war
1321,Ukraine on Fire 2,,0,,war
1322,Ukraine on Fire 2,,0,,war
1323,Ukraine on Fire 2,,0,,war
1324,Ukraine on Fire 2,,0,,war
1325,Red Sun,,0,28m,war
1326,Ukraine on Fire 2,,0,,war
1327,Ukraine on Fire 2,,0,,war
1328,Ukraine on Fire 2,,0,,war
1329,Ukraine on Fire 2,,0,,war
1330,Ukraine on Fire 2,,0,,war
1331,Ukraine on Fire 2,,0,,war
1332,Ukraine on Fire 2,,0,,war
1333,Ukraine on Fire 2,,0,,war
1334,Ukraine on Fire 2,,0,,war
1335,Ukraine on Fire 2,,0,,war
1336,Ukraine on Fire 2,,0,,war
1337,Ukraine on Fire 2,,0,,war
1338,Ukraine on Fire 2,,0,,war
1339,Ukraine on Fire 2,,0,,war
1340,Ukraine on Fire 2,,0,,war
1341,Ukraine on Fire 2,,0,,war
1342,Ukraine on Fire 2,,0,,war
1343,Ukraine on Fire 2,,0,,war
1344,Ukraine on Fire 2,,0,,war
1345,Ukraine on Fire 2,,0,,war
1346,Ukraine on Fire 2,,0,,war
1347,Ukraine on Fire 2,,0,,war
1348,Ukraine on Fire 2,,0,,war
1349,Ukraine on Fire 2,,0,,war
1350,SuperMarioLogan,,0,,war
1351,Red Sun,,0,26m,war
1352,Naam Namak Nishan,8.1,14,,war
1353,Naam Namak Nishan,8.2,13,,war
1354,Naam Namak Nishan,8.2,14,,war
1355,Naam Namak Nishan,8.2,13,,war
1356,Naam Namak Nishan,8.1,12,,war
1357,Naam Namak Nishan,8.2,13,,war
1358,Naam Namak Nishan,8.2,13,,war
1359,Naam Namak Nishan,8.0,12,,war
1360,Naam Namak Nishan,8.0,12,,war
1361,Naam Namak Nishan,8.1,12,,war
1362,Naam Namak Nishan,8.1,12,,war
1363,Naam Namak Nishan,8.9,19,,war
1364,Naam Namak Nishan,8.5,14,,war
1365,Naam Namak Nishan,8.0,12,,war
1366,Naam Namak Nishan,8.1,12,,war
1367,Naam Namak Nishan,8.2,13,,war
1368,Ostatni Taniec: Czyli ostatnia seria w karierze,,0,,war
1369,Corridors of Power: Should America Police the World?,8.7,17,57m,war
1370,Corridors of Power: Should America Police the World?,8.5,18,56m,war
1371,Corridors of Power: Should America Police the World?,8.2,14,57m,war
1372,Corridors of Power: Should America Police the World?,8.3,11,57m,war
1373,Corridors of Power: Should America Police the World?,8.4,13,56m,war
1374,Corridors of Power: Should America Police the World?,8.5,12,57m,war
1375,Corridors of Power: Should America Police the World?,8.7,10,58m,war
1376,SuperMarioLogan,,0,,war
1377,Red Sun,,0,25m,war
1378,Red Sun,,0,25m,war
1379,Unsubscribe Podcast,,0,1h 44m,war
1380,Unsubscribe Podcast,,0,2h 4m,war
1381,Unsubscribe Podcast,,0,1h 26m,war
1382,Unsubscribe Podcast,,0,2h 5m,war
1383,Unsubscribe Podcast,,0,2h 3m,war
1384,SuperMarioLogan,,0,,war
1385,Red Sun,,0,24m,war
1386,Piggy Series Life: Season Two,8.8,6,,war
1387,The Korean War,,0,,war
1388,The Korean War,,0,,war
1389,The Korean War,,0,,war
1390,Red Sun,,0,23m,war
1391,Red Sun,,0,24m,war
1392,The Korean War,,0,,war
1393,Lancer: Its Just Business,,0,,war
1394,SuperMarioLogan,9.3,7,,war
1395,Red Sun,,0,25m,war
1396,SuperMarioLogan,,0,,war
1397,Deadliest Weapons Declassified,,0,,war
1398,A Lonely Hero's Journey,,0,,war
1399,A Lonely Hero's Journey,,0,,war
1400,A Lonely Hero's Journey,,0,,war
1401,A Lonely Hero's Journey,,0,,war
1402,A Lonely Hero's Journey,,0,,war
1403,A Lonely Hero's Journey,,0,,war
1404,A Lonely Hero's Journey,,0,,war
1405,A Lonely Hero's Journey,,0,,war
1406,A Lonely Hero's Journey,,0,,war
1407,A Lonely Hero's Journey,,0,,war
1408,A Lonely Hero's Journey,,0,,war
1409,A Lonely Hero's Journey,,0,,war
1410,A Lonely Hero's Journey,,0,,war
1411,A Lonely Hero's Journey,,0,,war
1412,A Lonely Hero's Journey,,0,,war
1413,A Lonely Hero's Journey,,0,,war
1414,A Lonely Hero's Journey,,0,,war
1415,A Lonely Hero's Journey,,0,,war
1416,A Lonely Hero's Journey,,0,,war
1417,A Lonely Hero's Journey,,0,,war
1418,A Lonely Hero's Journey,,0,,war
1419,A Lonely Hero's Journey,,0,,war
1420,A Lonely Hero's Journey,,0,,war
1421,A Lonely Hero's Journey,,0,,war
1422,A Lonely Hero's Journey,,0,,war
1423,A Lonely Hero's Journey,,0,,war
1424,A Lonely Hero's Journey,,0,,war
1425,A Lonely Hero's Journey,,0,,war
1426,A Lonely Hero's Journey,,0,,war
1427,A Lonely Hero's Journey,,0,,war
1428,A Lonely Hero's Journey,,0,,war
1429,A Lonely Hero's Journey,,0,,war
1430,A Lonely Hero's Journey,,0,,war
1431,A Lonely Hero's Journey,,0,,war
1432,A Lonely Hero's Journey,,0,,war
1433,Red Sun,,0,25m,war
1434,Al Jazeera English,,0,,war
1435,Red Sun,,0,23m,war
1436,SuperMarioLogan,,0,,war
1437,Red Sun,,0,24m,war
1438,Piggy Series Life: Season Two,8.6,9,,war
1439,Red Sun,,0,23m,war
1440,War&History,,0,10m,war
1441,Lancer: Its Just Business,,0,,war
1442,SuperMarioLogan,,0,,war
1443,The Zelensky Story,7.7,45,,war
1444,The Zelensky Story,7.4,41,,war
1445,The Zelensky Story,7.7,44,,war
1446,Red Sun,,0,24m,war
1447,SuperMarioLogan,,0,,war
1448,Deadliest Weapons Declassified,,0,,war
1449,Red Sun,,0,24m,war
1450,Al Jazeera English,,0,,war
1451,Red Sun,,0,25m,war
1452,Red Sun,,0,24m,war
1453,Rada TV: Heroes,,0,,war
1454,SuperMarioLogan,,0,,war
1455,Red Sun,,0,26m,war
1456,Al Jazeera English,,0,,war
1457,Al Jazeera English,,0,,war
1458,SuperMarioLogan,,0,,war
1459,History Inside,,0,10m,war
1460,The Korean War,,0,,war
1461,Red Sun,,0,25m,war
1462,The Korean War,,0,,war
1463,The Korean War,,0,,war
1464,Sisi: Austrian Empress,7.4,43,,war
1465,Sisi: Austrian Empress,7.5,38,,war
1466,Sisi: Austrian Empress,7.9,37,,war
1467,Red Sun,,0,24m,war
1468,SuperMarioLogan,,0,,war
1469,Deadliest Weapons Declassified,,0,,war
1470,ARD History,,0,,war
1471,ARD History,,0,,war
1472,ARD History,,0,,war
1473,ARD History,,0,,war
1474,ARD History,,0,,war
1475,ARD History,,0,,war
1476,ARD History,,0,,war
1477,ARD History,,0,,war
1478,ARD History,,0,,war
1479,ARD History,,0,,war
1480,ARD History,,0,,war
1481,ARD History,,0,,war
1482,ARD History,,0,,war
1483,Red Sun,,0,23m,war
1484,Red Sun,,0,27m,war
1485,SuperMarioLogan,,0,,war
1486,Sisi: Austrian Empress,7.8,35,,war
1487,Sisi: Austrian Empress,7.6,32,,war
1488,Sisi: Austrian Empress,7.6,36,,war
1489,La case du siècle,,0,53m,war
1490,La case du siècle,,0,54m,war
1491,Red Sun,,0,25m,war
1492,Secrets of the Dead,8.1,35,,war
1493,Secrets of the Dead,8.0,30,,war
1494,Secrets of the Dead,7.7,33,,war
1495,SuperMarioLogan,,0,,war
1496,Defence in Depth,,0,,war
1497,Deadliest Weapons Declassified,,0,,war
1498,Red Sun,,0,27m,war
1499,Defending Europe,7.5,13,,war
1500,Defending Europe,7.5,10,,war
1501,Defending Europe,8.3,14,,war
1502,Defending Europe,7.4,12,,war
1503,Defending Europe,8.0,8,,war
1504,Defending Europe,8.0,7,,war
1505,SuperMarioLogan,,0,,war
1506,Red Sun,,0,28m,war
1507,Ukraine on Fire 2,,0,1m,war
1508,Red Sun,,0,26m,war
1509,39-45 en sol canadien,,0,,war
1510,SuperMarioLogan,,0,,war
1511,Red Sun,,0,25m,war
1512,Red Sun,,0,25m,war
1513,SuperMarioLogan,,0,,war
1514,Deadliest Weapons Declassified,,0,,war
1515,Punt de no retorn,,0,,war
1516,Punt de no retorn,,0,,war
1517,Punt de no retorn,,0,,war
1518,Red Sun,,0,24m,war
1519,Unsung - Stories of Mi'kmaq Veterans,,0,12m,war
1520,SuperMarioLogan,,0,,war
1521,Red Sun,,0,25m,war
1522,Red Sun,,0,26m,war
1523,The Korean War,,0,,war
1524,The Korean War,,0,,war
1525,The Korean War,,0,,war
1526,SuperMarioLogan,,0,,war
1527,Red Sun,,0,26m,war
1528,Red Sun,,0,30m,war
1529,39-45 en sol canadien,,0,,war
1530,39-45 en sol canadien,,0,,war
1531,SuperMarioLogan,,0,,war
1532,Velkommen til frontlinjen,,0,59m,war
1533,Velkommen til frontlinjen,,0,1h,war
1534,Velkommen til frontlinjen,,0,59m,war
1535,Velkommen til frontlinjen,,0,57m,war
1536,Velkommen til frontlinjen,,0,58m,war
1537,Velkommen til frontlinjen,,0,59m,war
1538,Red Sun,,0,25m,war
1539,SuperMarioLogan,,0,,war
1540,Ji zhan cang qiong,,0,,war
1541,Al Jazeera English,,0,,war
1542,Al Jazeera English,,0,,war
1543,Establishment: Osman,7.6,84,,war
1544,Al Jazeera English,,0,,war
1545,Al Jazeera English,,0,,war
1546,Al Jazeera English,,0,,war
1547,Al Jazeera English,,0,,war
1548,Al Jazeera English,,0,,war
1549,Al Jazeera English,,0,,war
1550,Red Sun,,0,31m,war
1551,Ukraine on Fire 2,,0,1m,war
1552,Red Sun,,0,25m,war
1553,Ukraine on Fire 2,,0,1m,war
1554,Ukraine on Fire 2,,0,,war
1555,Ukraine on Fire 2,,0,,war
1556,Ukraine on Fire 2,,0,,war
1557,Ukraine on Fire 2,,0,,war
1558,Ukraine on Fire 2,,0,,war
1559,SuperMarioLogan,,0,,war
1560,Red Sun,,0,26m,war
1561,Ukraine on Fire 2,,0,,war
1562,Ukraine on Fire 2,,0,1m,war
1563,Ukraine on Fire 2,,0,1m,war
1564,Ukraine on Fire 2,,0,1m,war
1565,Ukraine on Fire 2,,0,,war
1566,Red Sun,,0,25m,war
1567,Pereviznytsya,6.8,8,,war
1568,Pereviznytsya,7.0,7,,war
1569,Pereviznytsya,7.0,8,,war
1570,Pereviznytsya,7.0,7,,war
1571,Pereviznytsya,6.8,7,,war
1572,Rosie the Reviewer,,0,,war
1573,Rosie the Reviewer,,0,,war
1574,Rosie the Reviewer,,0,,war
1575,Rosie the Reviewer,,0,,war
1576,Rosie the Reviewer,,0,,war
1577,Rosie the Reviewer,,0,,war
1578,Rosie the Reviewer,,0,,war
1579,Rosie the Reviewer,,0,,war
1580,Secrets of the Dead,8.0,37,,war
1581,Secrets of the Dead,8.0,33,,war
1582,SuperMarioLogan,,0,,war
1583,Secrets of the Dead,7.8,27,1h 31m,war
1584,Secrets of the Dead,7.3,22,,war
1585,Al Jazeera English,,0,,war
1586,Al Jazeera English,,0,,war
1587,Al Jazeera English,,0,,war
1588,Al Jazeera English,,0,,war
1589,Rosie the Reviewer,,0,,war
1590,Red Sun,,0,25m,war
1591,39-45 en sol canadien,,0,,war
1592,Red Sun,,0,26m,war
1593,SuperMarioLogan,,0,,war
1594,Red Sun,,0,24m,war
1595,Red Sun,,0,26m,war
1596,Unsubscribe Podcast,,0,2h 21m,war
1597,Unsubscribe Podcast,,0,2h 2m,war
1598,Unsubscribe Podcast,,0,1h 58m,war
1599,Unsubscribe Podcast,,0,2h 39m,war
1600,Unsubscribe Podcast,,0,2h 31m,war
1601,Unsubscribe Podcast,,0,2h 2m,war
1602,Unsubscribe Podcast,,0,1h 34m,war
1603,Unsubscribe Podcast,,0,2h 18m,war
1604,SuperMarioLogan,,0,,war
1605,Red Sun,,0,26m,war
1606,Whiskey on the Rocks,6.7,93,,war
1607,The Korean War,,0,,war
1608,The Korean War,,0,,war
1609,The Korean War,,0,,war
1610,The Korean War,,0,,war
1611,SuperMarioLogan,,0,,war
1612,Establishment: Osman,8.3,59,,war
1613,Establishment: Osman,8.6,51,,war
1614,Al Jazeera English,,0,,war
1615,Al Jazeera English,,0,,war
1616,Red Sun,,0,28m,war
1617,World War Two,,0,,war
1618,World War Two,,0,,war
1619,SuperMarioLogan,,0,,war
1620,39-45 en sol canadien,,0,,war
1621,SuperMarioLogan,,0,,war
1622,Al Jazeera English,,0,,war
1623,Battle of Shangganling,,0,,war
1624,Mehmed: Fetihler Sultani,9.3,111,,war
1625,Red Sun,,0,28m,war
1626,Red Sun,,0,24m,war
1627,Red Sun,,0,24m,war
1628,Mehmed: Fetihler Sultani,9.5,110,,war
1629,Establishment: Osman,8.1,53,,war
1630,Red Sun,,0,26m,war
1631,ARD History,,0,45m,war
1632,Battle of Shangganling,,0,,war
1633,Battle of Shangganling,,0,,war
1634,39-45 en sol canadien,,0,,war
1635,Battleship New Jersey,,0,17m,war
1636,Battle of Shangganling,,0,,war
1637,Battle of Shangganling,,0,,war
1638,SuperMarioLogan,,0,,war
1639,Battle of Shangganling,,0,,war
1640,Battle of Shangganling,,0,,war
1641,Mehmed: Fetihler Sultani,9.5,110,,war
1642,Red Sun,,0,27m,war
1643,Rosie the Reviewer,,0,,war
1644,Rosie the Reviewer,,0,,war
1645,Mehmed: Fetihler Sultani,9.6,115,,war
1646,Al Jazeera English,,0,,war
1647,Al Jazeera English,,0,,war
1648,SuperMarioLogan,,0,,war
1649,Untold Arctic Wars,6.7,6,55m,war
1650,Untold Arctic Wars,6.6,5,55m,war
1651,Battle of Shangganling,,0,,war
1652,Battle of Shangganling,,0,,war
1653,Red Sun,,0,27m,war
1654,Red Sun,,0,24m,war
1655,Hitler's British Island,,0,,war
1656,Red Sun,,0,26m,war
1657,The Cold War,,0,18m,war
1658,The Cold War,,0,17m,war
1659,SuperMarioLogan,,0,,war
1660,Whiskey on the Rocks,6.8,85,,war
1661,Whiskey on the Rocks,7.0,79,,war
1662,Whiskey on the Rocks,6.8,79,,war
1663,39-45 en sol canadien,,0,,war
1664,Red Sun,,0,24m,war
1665,SuperMarioLogan,,0,,war
1666,The Korean War,,0,,war
1667,The Korean War,,0,,war
1668,Battle of Shangganling,,0,,war
1669,Battle of Shangganling,,0,,war
1670,Battle of Shangganling,,0,,war
1671,Battle of Shangganling,,0,,war
1672,Battle of Shangganling,,0,,war
1673,Battle of Shangganling,,0,,war
1674,Battle of Shangganling,,0,,war
1675,Battle of Shangganling,,0,,war
1676,Battle of Shangganling,,0,,war
1677,Battle of Shangganling,,0,,war
1678,Red Sun,,0,24m,war
1679,SuperMarioLogan,,0,,war
1680,Al Jazeera English,,0,,war
1681,Piggy Series Life: Season Two,,0,,war
1682,SuperMarioLogan,,0,,war
1683,Unsubscribe Podcast,,0,2h 39m,war
1684,Unsubscribe Podcast,,0,2h 10m,war
1685,Red Sun,,0,25m,war
1686,Red Sun,,0,23m,war
1687,Red Sun,,0,23m,war
1688,Al Jazeera English,,0,,war
1689,Red Sun,,0,24m,war
1690,The Korean War,,0,,war
1691,SuperMarioLogan,,0,,war
1692,Al Jazeera English,,0,,war
1693,Al Jazeera English,,0,,war
1694,La case du siècle,7.2,6,58m,war
1695,SuperMarioLogan,,0,,war
1696,Red Sun,,0,22m,war
1697,Untold Arctic Wars,,0,55m,war
1698,Mehmed: Fetihler Sultani,9.3,119,,war
1699,Mehmed: Fetihler Sultani,9.3,109,,war
1700,39-45 en sol canadien,,0,,war
1701,Red Sun,,0,23m,war
1702,SuperMarioLogan,,0,,war
1703,Rosie the Reviewer,,0,,war
1704,Rosie the Reviewer,,0,,war
1705,Establishment: Osman,8.5,46,,war
1706,Red Sun,,0,23m,war
1707,Red Sun,,0,23m,war
1708,Quisling,8.0,25,,war
1709,Al Jazeera English,,0,,war
1710,Red Sun,,0,22m,war
1711,Untold Arctic Wars,,0,55m,war
1712,39-45 en sol canadien,,0,,war
1713,Hitler's British Island,,0,,war
1714,SuperMarioLogan,,0,,war
1715,Al Jazeera English,,0,,war
1716,Red Sun,,0,23m,war
1717,Mehmed: Fetihler Sultani,9.6,114,,war
1718,SuperMarioLogan,,0,,war
1719,The Korean War,,0,,war
1720,Al Jazeera English,,0,,war
1721,The Korean War,,0,,war
1722,SuperMarioLogan,,0,,war
1723,Rosie the Reviewer,,0,,war
1724,Establishment: Osman,8.5,45,,war
1725,Red Sun,,0,23m,war
1726,Red Sun,,0,22m,war
1727,Red Sun,,0,23m,war
1728,Red Sun,,0,22m,war
1729,The Korean War,,0,,war
1730,The Fall of Europe,,0,,war
1731,Unsubscribe Podcast,,0,2h 31m,war
1732,Unsubscribe Podcast,,0,2h 33m,war
1733,Unsubscribe Podcast,,0,1h 52m,war
1734,Unsubscribe Podcast,,0,2h 37m,war
1735,Al Jazeera English,,0,,war
1736,SuperMarioLogan,,0,,war
1737,Untold Arctic Wars,,0,55m,war
1738,Untold Arctic Wars,,0,55m,war
1739,La case du siècle,,0,53m,war
1740,La case du siècle,,0,1h 31m,war
1741,Red Sun,,0,22m,war
1742,SuperMarioLogan,,0,,war
1743,The Fall of Europe,,0,,war
1744,39-45 en sol canadien,,0,,war
1745,Al Jazeera English,,0,,war
1746,Al Jazeera English,,0,,war
1747,Skibidi Toilet,7.8,269,25m,war
1748,Quisling,8.0,24,,war
1749,Quisling,8.2,19,,war
1750,Quisling,8.0,16,,war
1751,Quisling,8.1,16,,war
1752,Red Sun,,0,22m,war
1753,Red Sun,,0,22m,war
1754,Mehmed: Fetihler Sultani,9.5,103,,war
1755,Sentinelles - Ukraine,,0,,war
1756,Al Jazeera English,,0,,war
1757,SuperMarioLogan,,0,,war
1758,Battleship New Jersey,,0,8m,war
1759,Red Sun,,0,22m,war
1760,Red Sun,,0,21m,war
1761,Al Jazeera English,,0,,war
1762,SuperMarioLogan,,0,,war
1763,Al Jazeera English,,0,,war
1764,Establishment: Osman,8.6,48,,war
1765,The Quatermain Files,,0,,war
1766,The Quatermain Files,,0,,war
1767,The Quatermain Files,,0,,war
1768,Red Sun,,0,20m,war
1769,SuperMarioLogan,,0,,war
1770,Al Jazeera English,,0,,war
1771,39-45 en sol canadien,,0,,war
1772,Mehmed: Fetihler Sultani,9.6,96,,war
1773,Red Sun,,0,20m,war
1774,SuperMarioLogan,,0,,war
1775,Al Jazeera English,,0,,war
1776,Red Sun,,0,21m,war
1777,Red Sun,,0,22m,war
1778,Churchill at War,7.6,121,,war
1779,Churchill at War,7.9,110,,war
1780,Churchill at War,8.0,104,,war
1781,Churchill at War,8.0,101,,war
1782,Al Jazeera English,,0,,war
1783,Vrag u vorot,,0,,war
1784,Vrag u vorot,,0,,war
1785,Vrag u vorot,,0,,war
1786,Vrag u vorot,,0,,war
1787,Vrag u vorot,,0,,war
1788,Vrag u vorot,,0,,war
1789,Vrag u vorot,,0,,war
1790,Vrag u vorot,,0,,war
1791,Red Sun,,0,22m,war
1792,Establishment: Osman,7.7,47,,war
1793,SuperMarioLogan,,0,,war
1794,Al Jazeera English,,0,,war
1795,Unsubscribe Podcast,,0,2h 19m,war
1796,Unsubscribe Podcast,,0,2h 27m,war
1797,Ataturk 1881-1919,8.8,53,48m,war
1798,Ataturk 1881-1919,9.1,56,48m,war
1799,Ataturk 1881-1919,9.0,49,50m,war
1800,Ataturk 1881-1919,9.1,47,44m,war
1801,Ataturk 1881-1919,8.9,45,50m,war
1802,Ataturk 1881-1919,9.1,48,49m,war
1803,Brocade Odyssey,,0,,war
1804,Al Jazeera English,,0,,war
1805,SuperMarioLogan,,0,,war
1806,Al Jazeera English,,0,,war
1807,Iron Curtain: Life Under Soviet Occupation,7.6,6,,war
1808,Iron Curtain: Life Under Soviet Occupation,7.6,6,,war
1809,Iron Curtain: Life Under Soviet Occupation,8.2,6,,war
1810,Red Sun,,0,22m,war
1811,Al Jazeera English,,0,,war
1812,Mehmed: Fetihler Sultani,9.7,99,,war
1813,Establishment: Osman,8.4,43,,war
1814,39-45 en sol canadien,,0,,war
1815,Al Jazeera English,,0,,war
1816,SuperMarioLogan,,0,,war
1817,Rosie the Reviewer,,0,,war
1818,Rosie the Reviewer,,0,,war
1819,Rosie the Reviewer,,0,,war
1820,Brocade Odyssey,,0,,war
1821,Brocade Odyssey,,0,,war
1822,Brocade Odyssey,,0,,war
1823,Brocade Odyssey,,0,,war
1824,Brocade Odyssey,,0,,war
1825,Brocade Odyssey,,0,,war
1826,Brocade Odyssey,,0,,war
1827,Brocade Odyssey,,0,,war
1828,Brocade Odyssey,,0,,war
1829,Brocade Odyssey,,0,,war
1830,Brocade Odyssey,,0,,war
1831,Brocade Odyssey,,0,,war
1832,Brocade Odyssey,,0,,war
1833,Brocade Odyssey,,0,,war
1834,Brocade Odyssey,,0,,war
1835,Brocade Odyssey,,0,,war
1836,Brocade Odyssey,,0,,war
1837,La case du siècle,,0,,war
1838,Red Sun,,0,21m,war
1839,Red Sun,,0,20m,war
1840,Al Jazeera English,,0,,war
1841,Red Sun,,0,22m,war
1842,Al Jazeera English,,0,,war
1843,Red Sun,,0,22m,war
1844,39-45 en sol canadien,,0,,war
1845,SuperMarioLogan,,0,,war
1846,Al Jazeera English,,0,,war
1847,Mehmed: Fetihler Sultani,9.6,97,,war
1848,Establishment: Osman,8.8,53,,war
1849,Al Jazeera English,,0,,war
1850,Red Sun,,0,22m,war
1851,Al Jazeera English,,0,,war
1852,SuperMarioLogan,,0,,war
1853,Al Jazeera English,,0,,war
1854,Red Sun,,0,21m,war
1855,Red Sun,,0,21m,war
1856,SuperMarioLogan,,0,,war
1857,At the Edge of the Abyss,6.2,40,2h 4m,war
1858,At the Edge of the Abyss,6.5,41,1h 34m,war
1859,At the Edge of the Abyss,6.0,38,1h 55m,war
1860,At the Edge of the Abyss,6.5,40,1h 38m,war
1861,Red Sun,,0,19m,war
1862,Piggy Series Life: Season Two,,0,,war
1863,Red Sun,,0,22m,war
1864,Brocade Odyssey,,0,,war
1865,Brocade Odyssey,,0,,war
1866,Brocade Odyssey,,0,,war
1867,Brocade Odyssey,,0,,war
1868,Brocade Odyssey,,0,,war
1869,Brocade Odyssey,,0,,war
1870,Brocade Odyssey,,0,,war
1871,Brocade Odyssey,,0,,war
1872,Brocade Odyssey,,0,,war
1873,Brocade Odyssey,,0,,war
1874,Brocade Odyssey,,0,,war
1875,Unsubscribe Podcast,,0,1h 48m,war
1876,Al Jazeera English,,0,,war
1877,Al Jazeera English,,0,,war
1878,Al Jazeera English,,0,,war
1879,SuperMarioLogan,,0,,war
1880,Red Sun,,0,20m,war
1881,Mehmed: Fetihler Sultani,9.6,96,,war
1882,Establishment: Osman,8.6,38,,war
1883,Rosie the Reviewer,,0,,war
1884,Rosie the Reviewer,,0,,war
1885,Al Jazeera English,,0,,war
1886,SuperMarioLogan,,0,,war
1887,Red Sun,,0,22m,war
1888,Red Sun,,0,20m,war
1889,Brocade Odyssey,,0,,war
1890,Brocade Odyssey,,0,,war
1891,Brocade Odyssey,,0,,war
1892,Brocade Odyssey,,0,,war
1893,Brocade Odyssey,,0,,war
1894,Brocade Odyssey,,0,,war
1895,Brocade Odyssey,,0,,war
1896,Brocade Odyssey,,0,,war
1897,Brocade Odyssey,,0,,war
1898,Brocade Odyssey,,0,,war
1899,Brocade Odyssey,,0,,war
1900,Al Jazeera English,,0,,war
1901,Red Sun,,0,20m,war
1902,SuperMarioLogan,,0,,war
1903,Red Sun,,0,23m,war
1904,Al Jazeera English,,0,,war
1905,SuperMarioLogan,,0,,war
1906,The Real War of Thrones,,0,,war
1907,The Real War of Thrones,,0,,war
1908,The Real War of Thrones,,0,,war
1909,The Real War of Thrones,,0,,war
1910,The Real War of Thrones,,0,,war
1911,The Real War of Thrones,,0,,war
1912,Al Jazeera English,,0,,war
1913,Al Jazeera English,,0,,war
1914,Red Sun,,0,21m,war
1915,Mehmed: Fetihler Sultani,9.6,98,,war
1916,Establishment: Osman,8.4,33,,war
1917,Al Jazeera English,,0,,war
1918,SuperMarioLogan,,0,,war
1919,Al Jazeera English,,0,,war
1920,Red Sun,,0,22m,war
1921,Red Sun,,0,19m,war
1922,Al Jazeera English,,0,,war
1923,Red Sun,,0,18m,war
1924,Al Jazeera English,,0,,war
1925,SuperMarioLogan,,0,,war
1926,Red Sun,,0,20m,war
1927,Al Jazeera English,,0,,war
1928,SuperMarioLogan,,0,,war
1929,Al Jazeera English,,0,,war
1930,Al Jazeera English,,0,,war
1931,ARD History,,0,50m,war
1932,ARD History,,0,59m,war
1933,Rosie the Reviewer,,0,,war
1934,Rosie the Reviewer,,0,,war
1935,SuperMarioLogan,,0,,war
1936,Unsubscribe Podcast,,0,2h 2m,war
1937,Unsubscribe Podcast,,0,2h 17m,war
1938,Al Jazeera English,,0,,war
1939,Al Jazeera English,,0,,war
1940,SuperMarioLogan,,0,,war
1941,Ukraine on Fire 2,,0,,war
1942,Ukraine on Fire 2,,0,1m,war
1943,Ukraine on Fire 2,,0,,war
1944,Ukraine on Fire 2,,0,,war
1945,Ukraine on Fire 2,,0,,war
1946,Ukraine on Fire 2,,0,,war
1947,Ukraine on Fire 2,,0,,war
1948,Ukraine on Fire 2,,0,,war
1949,Al Jazeera English,,0,,war
1950,Preston Stewart,,0,9m,war
1951,Al Jazeera English,,0,,war
1952,World War Wisdom,,0,16m,war
1953,Al Jazeera English,,0,,war
1954,Preston Stewart,,0,,war
1955,Al Jazeera English,,0,,war
1956,Kodenavn: Storfyrstinden,6.0,6,59m,war
1957,Kodenavn: Storfyrstinden,6.3,6,59m,war
1958,Kodenavn: Storfyrstinden,6.2,6,59m,war
1959,Kodenavn: Storfyrstinden,6.0,5,59m,war
1960,Straws in the Wind,,0,1h 20m,war
1961,Straws in the Wind,,0,1h 5m,war
1962,Straws in the Wind,,0,1h 1m,war
1963,Straws in the Wind,,0,1h 2m,war
1964,Al Jazeera English,,0,,war
1965,ARD History,,0,,war
1966,ARD History,,0,,war
1967,ARD History,,0,,war
1968,ARD History,,0,,war
1969,Ukraine: Tales from a Warzone,,0,,war
1970,Al Jazeera English,,0,,war
1971,History Hub,,0,,war
1972,Hugo - Görings Jødiske Ven,,0,,war
1973,Hugo - Görings Jødiske Ven,,0,,war
1974,Hugo - Görings Jødiske Ven,,0,,war
1975,Unsubscribe Podcast,,0,2h 18m,war
1976,The Korean War,,0,,war
1977,The Korean War,,0,,war
1978,The Korean War,,0,,war
1979,The Korean War,,0,,war
1980,The Korean War,,0,,war
1981,The Korean War,,0,,war
1982,The Korean War,,0,,war
1983,Punt de no retorn,,0,,war
1984,War Tales Echo,,0,25m,war
1985,The War At Home,,0,,war
1986,The War At Home,,0,,war
1987,Pro lyudey i pro voynu,,0,,war
1988,Pro lyudey i pro voynu,,0,,war
1989,Pro lyudey i pro voynu,,0,,war
1990,Pro lyudey i pro voynu,,0,,war
1991,Pro lyudey i pro voynu,,0,,war
1992,Pro lyudey i pro voynu,,0,,war
1993,Pro lyudey i pro voynu,,0,,war
1994,Pro lyudey i pro voynu,,0,,war
1995,Pro lyudey i pro voynu,,0,,war
1996,Pro lyudey i pro voynu,,0,,war
1997,Sentinelles - Ukraine,,0,,war
1998,Yarnhub,,0,,war
1999,Gojumong,,0,50m,war
2000,Gojumong,,0,45m,war
